"Feed Number","Title","Link","Description","Feed URL","Newsletter Signup URL"
"118","TEST_HLB - Recent Updates","https://www.columbus.gov/","TEST_HLB - Recent Updates","https://public.govdelivery.com/topics/OHCCC_118/feed.rss",https://public.govdelivery.com/accounts/OHCCC/subscriber/new?qsp=OHCCC_118
"11","CCC - Legislation In Your Neighborhood - Recent Updates","http://council.columbus.gov/","CCC - Legislation In Your Neighborhood - Recent Updates","https://public.govdelivery.com/topics/OHCCC_11/feed.rss",https://public.govdelivery.com/accounts/OHCCC/subscriber/new?qsp=OHCCC_11
"120","ATY - City Attorney News & Releases - Recent Updates","https://www.columbus.gov/","ATY - City Attorney News & Releases - Recent Updates","https://public.govdelivery.com/topics/OHCCC_120/feed.rss",https://public.govdelivery.com/accounts/OHCCC/subscriber/new?qsp=OHCCC_120
"122","SAFE/SS Vehicle for Hire Drivers - Recent Updates","https://www.columbus.gov/","SAFE/SS Vehicle for Hire Drivers - Recent Updates","https://public.govdelivery.com/topics/OHCCC_122/feed.rss",https://public.govdelivery.com/accounts/OHCCC/subscriber/new?qsp=OHCCC_122
"124","ALL - City of Columbus Staff - Recent Updates","https://www.columbus.gov/","ALL - City of Columbus Staff - Recent Updates","https://public.govdelivery.com/topics/OHCCC_124/feed.rss",https://public.govdelivery.com/accounts/OHCCC/subscriber/new?qsp=OHCCC_124
"126","MAY - General Invitation - Recent Updates","https://www.columbus.gov/","MAY - General Invitation - Recent Updates","https://public.govdelivery.com/topics/OHCCC_126/feed.rss",https://public.govdelivery.com/accounts/OHCCC/subscriber/new?qsp=OHCCC_126
"128","SAFE/SS Mobile Food Vending - Outside CPH - Recent Updates","https://www.columbus.gov/","SAFE/SS Mobile Food Vending - Outside CPH - Recent Updates","https://public.govdelivery.com/topics/OHCCC_128/feed.rss",https://public.govdelivery.com/accounts/OHCCC/subscriber/new?qsp=OHCCC_128
"131","HR - Announcement - Recent Updates","https://www.columbus.gov/","HR - Announcement - Recent Updates","https://public.govdelivery.com/topics/OHCCC_131/feed.rss",https://public.govdelivery.com/accounts/OHCCC/subscriber/new?qsp=OHCCC_131
"132","AUD - Income Tax Division - Recent Updates","https://www.columbus.gov/","AUD - Income Tax Division - Recent Updates","https://public.govdelivery.com/topics/OHCCC_132/feed.rss",https://public.govdelivery.com/accounts/OHCCC/subscriber/new?qsp=OHCCC_132
"133","R&P - Alcohol Events - Recent Updates","https://www.columbus.gov/","R&P - Alcohol Events - Recent Updates","https://public.govdelivery.com/topics/OHCCC_133/feed.rss",https://public.govdelivery.com/accounts/OHCCC/subscriber/new?qsp=OHCCC_133
"134","R&P - Downtown Business Contacts - Recent Updates","https://www.columbus.gov/","R&P - Downtown Business Contacts - Recent Updates","https://public.govdelivery.com/topics/OHCCC_134/feed.rss",https://public.govdelivery.com/accounts/OHCCC/subscriber/new?qsp=OHCCC_134
"135","R&P - Race Coordinators - Recent Updates","https://www.columbus.gov/","R&P - Race Coordinators - Recent Updates","https://public.govdelivery.com/topics/OHCCC_135/feed.rss",https://public.govdelivery.com/accounts/OHCCC/subscriber/new?qsp=OHCCC_135
"136","R&P - SESP Contacts - Recent Updates","https://www.columbus.gov/","R&P - SESP Contacts - Recent Updates","https://public.govdelivery.com/topics/OHCCC_136/feed.rss",https://public.govdelivery.com/accounts/OHCCC/subscriber/new?qsp=OHCCC_136
"137","R&P - City Permits Contacts - Recent Updates","https://www.columbus.gov/","R&P - City Permits Contacts - Recent Updates","https://public.govdelivery.com/topics/OHCCC_137/feed.rss",https://public.govdelivery.com/accounts/OHCCC/subscriber/new?qsp=OHCCC_137
"138","R&P - Event Coordinators - Recent Updates","https://www.columbus.gov/","R&P - Event Coordinators - Recent Updates","https://public.govdelivery.com/topics/OHCCC_138/feed.rss",https://public.govdelivery.com/accounts/OHCCC/subscriber/new?qsp=OHCCC_138
"13","CCC - Charter Review - Recent Updates","http://council.columbus.gov/","CCC - Charter Review - Recent Updates","https://public.govdelivery.com/topics/OHCCC_13/feed.rss",https://public.govdelivery.com/accounts/OHCCC/subscriber/new?qsp=OHCCC_13
"140","R&P - SAP Contacts - Recent Updates","https://www.columbus.gov/","R&P - SAP Contacts - Recent Updates","https://public.govdelivery.com/topics/OHCCC_140/feed.rss",https://public.govdelivery.com/accounts/OHCCC/subscriber/new?qsp=OHCCC_140
"141","R&P - Street Closure Contacts - Recent Updates","https://www.columbus.gov/","R&P - Street Closure Contacts - Recent Updates","https://public.govdelivery.com/topics/OHCCC_141/feed.rss",https://public.govdelivery.com/accounts/OHCCC/subscriber/new?qsp=OHCCC_141
"142","AUD - City Auditor News & Releases - Recent Updates","https://www.columbus.gov/","AUD - City Auditor News & Releases - Recent Updates","https://public.govdelivery.com/topics/OHCCC_142/feed.rss",https://public.govdelivery.com/accounts/OHCCC/subscriber/new?qsp=OHCCC_142
"143","DEV - Development E-Blast - Recent Updates","https://www.columbus.gov/","DEV - Development E-Blast - Recent Updates","https://public.govdelivery.com/topics/OHCCC_143/feed.rss",https://public.govdelivery.com/accounts/OHCCC/subscriber/new?qsp=OHCCC_143
"151","R&P - Special Events Miscellaneous - Recent Updates","https://www.columbus.gov/","R&P - Special Events Miscellaneous - Recent Updates","https://public.govdelivery.com/topics/OHCCC_151/feed.rss",https://public.govdelivery.com/accounts/OHCCC/subscriber/new?qsp=OHCCC_151
"152","CCC - Media - Recent Updates","https://www.columbus.gov/","CCC - Media - Recent Updates","https://public.govdelivery.com/topics/OHCCC_152/feed.rss",https://public.govdelivery.com/accounts/OHCCC/subscriber/new?qsp=OHCCC_152
"153","MAY - Faith Leaders - Recent Updates","https://www.columbus.gov/","MAY - Faith Leaders - Recent Updates","https://public.govdelivery.com/topics/OHCCC_153/feed.rss",https://public.govdelivery.com/accounts/OHCCC/subscriber/new?qsp=OHCCC_153
"154","MAY - Office Staff - Recent Updates","https://www.columbus.gov/","MAY - Office Staff - Recent Updates","https://public.govdelivery.com/topics/OHCCC_154/feed.rss",https://public.govdelivery.com/accounts/OHCCC/subscriber/new?qsp=OHCCC_154
"155","MAY - Cabinet - Recent Updates","https://www.columbus.gov/","MAY - Cabinet - Recent Updates","https://public.govdelivery.com/topics/OHCCC_155/feed.rss",https://public.govdelivery.com/accounts/OHCCC/subscriber/new?qsp=OHCCC_155
"156","MAY - Stakeholders - Recent Updates","https://www.columbus.gov/","MAY - Stakeholders - Recent Updates","https://public.govdelivery.com/topics/OHCCC_156/feed.rss",https://public.govdelivery.com/accounts/OHCCC/subscriber/new?qsp=OHCCC_156
"158","ODI - City of Columbus Career Fair - Recent Updates","https://www.columbus.gov/","ODI - City of Columbus Career Fair - Recent Updates","https://public.govdelivery.com/topics/OHCCC_158/feed.rss",https://public.govdelivery.com/accounts/OHCCC/subscriber/new?qsp=OHCCC_158
"159","MAY - Employee Career Fair Poll - Recent Updates","https://www.columbus.gov/","MAY - Employee Career Fair Poll - Recent Updates","https://public.govdelivery.com/topics/OHCCC_159/feed.rss",https://public.govdelivery.com/accounts/OHCCC/subscriber/new?qsp=OHCCC_159
"160","NEI - CNC Grants - Recent Updates","https://www.columbus.gov/","NEI - CNC Grants - Recent Updates","https://public.govdelivery.com/topics/OHCCC_160/feed.rss",https://public.govdelivery.com/accounts/OHCCC/subscriber/new?qsp=OHCCC_160
"162","NEI - Area Commissioner and Zoning Training - Recent Updates","https://www.columbus.gov/","NEI - Area Commissioner and Zoning Training - Recent Updates","https://public.govdelivery.com/topics/OHCCC_162/feed.rss",https://public.govdelivery.com/accounts/OHCCC/subscriber/new?qsp=OHCCC_162
"163","SAFE/SS Public Safety Communications and Technology - Recent Updates","http://www.columbus.gov","SAFE/SS Public Safety Communications and Technology - Recent Updates","https://public.govdelivery.com/topics/OHCCC_163/feed.rss",https://public.govdelivery.com/accounts/OHCCC/subscriber/new?qsp=OHCCC_163
"166","NEI - Area Commission E-Mail List - Recent Updates","https://www.columbus.gov/","NEI - Area Commission E-Mail List - Recent Updates","https://public.govdelivery.com/topics/OHCCC_166/feed.rss",https://public.govdelivery.com/accounts/OHCCC/subscriber/new?qsp=OHCCC_166
"167","DPU – Division of Power Program Information - Recent Updates","http://www.columbus.gov/","DPU – Division of Power Program Information - Recent Updates","https://public.govdelivery.com/topics/OHCCC_167/feed.rss",https://public.govdelivery.com/accounts/OHCCC/subscriber/new?qsp=OHCCC_167
"16","CCC - Chambermail - Recent Updates","http://council.columbus.gov/","CCC - Chambermail - Recent Updates","https://public.govdelivery.com/topics/OHCCC_16/feed.rss",https://public.govdelivery.com/accounts/OHCCC/subscriber/new?qsp=OHCCC_16
"172","CELE1 - CelebrateOne_Drivers - Recent Updates","https://www.columbus.gov/","CELE1 - CelebrateOne_Drivers - Recent Updates","https://public.govdelivery.com/topics/OHCCC_172/feed.rss",https://public.govdelivery.com/accounts/OHCCC/subscriber/new?qsp=OHCCC_172
"173","CELE1 - CelebrateOne_Funders - Recent Updates","https://www.columbus.gov/","CELE1 - CelebrateOne_Funders - Recent Updates","https://public.govdelivery.com/topics/OHCCC_173/feed.rss",https://public.govdelivery.com/accounts/OHCCC/subscriber/new?qsp=OHCCC_173
"174","CELE1 - CelebrateOne_Partners - Recent Updates","https://www.columbus.gov/","CELE1 - CelebrateOne_Partners - Recent Updates","https://public.govdelivery.com/topics/OHCCC_174/feed.rss",https://public.govdelivery.com/accounts/OHCCC/subscriber/new?qsp=OHCCC_174
"175","CELE1 - CelebrateOne_HBAH Core Members - Recent Updates","https://www.columbus.gov/","CELE1 - CelebrateOne_HBAH Core Members - Recent Updates","https://public.govdelivery.com/topics/OHCCC_175/feed.rss",https://public.govdelivery.com/accounts/OHCCC/subscriber/new?qsp=OHCCC_175
"176","CELE1 - CelebrateOne_RE Developers - Recent Updates","https://www.columbus.gov/","CELE1 - CelebrateOne_RE Developers - Recent Updates","https://public.govdelivery.com/topics/OHCCC_176/feed.rss",https://public.govdelivery.com/accounts/OHCCC/subscriber/new?qsp=OHCCC_176
"17","CCC - Council News - Recent Updates","http://council.columbus.gov/","CCC - Council News - Recent Updates","https://public.govdelivery.com/topics/OHCCC_17/feed.rss",https://public.govdelivery.com/accounts/OHCCC/subscriber/new?qsp=OHCCC_17
"181","R&P - Sports - Youth Travel Baseball Teams - Recent Updates","https://www.columbus.gov/","R&P - Sports - Youth Travel Baseball Teams - Recent Updates","https://public.govdelivery.com/topics/OHCCC_181/feed.rss",https://public.govdelivery.com/accounts/OHCCC/subscriber/new?qsp=OHCCC_181
"185","FIRE - Command Post - Recent Updates","www.columbus.gov","FIRE - Command Post - Recent Updates","https://public.govdelivery.com/topics/OHCCC_185/feed.rss",https://public.govdelivery.com/accounts/OHCCC/subscriber/new?qsp=OHCCC_185
"18","CCC - Community Engagement - Recent Updates","http://council.columbus.gov/","CCC - Community Engagement - Recent Updates","https://public.govdelivery.com/topics/OHCCC_18/feed.rss",https://public.govdelivery.com/accounts/OHCCC/subscriber/new?qsp=OHCCC_18
"194","MAY - Census - Recent Updates","https://www.columbus.gov/","MAY - Census - Recent Updates","https://public.govdelivery.com/topics/OHCCC_194/feed.rss",https://public.govdelivery.com/accounts/OHCCC/subscriber/new?qsp=OHCCC_194
"196","NEI - Civic Associations Spring 2019 - Recent Updates","https://www.columbus.gov","NEI - Civic Associations Spring 2019 - Recent Updates","https://public.govdelivery.com/topics/OHCCC_196/feed.rss",https://public.govdelivery.com/accounts/OHCCC/subscriber/new?qsp=OHCCC_196
"197","GRN – GreenSpot Reminder - Recent Updates","https://www.columbus.gov/","GRN – GreenSpot Reminder - Recent Updates","https://public.govdelivery.com/topics/OHCCC_197/feed.rss",https://public.govdelivery.com/accounts/OHCCC/subscriber/new?qsp=OHCCC_197
"198","NEI - 2019 Spring Area Commission Training Invite List - Recent Updates","https://www.columbus.gov/","NEI - 2019 Spring Area Commission Training Invite List - Recent Updates","https://public.govdelivery.com/topics/OHCCC_198/feed.rss",https://public.govdelivery.com/accounts/OHCCC/subscriber/new?qsp=OHCCC_198
"200","MAY - Police Chief Search - Recent Updates","https://www.columbus.gov/","MAY - Police Chief Search - Recent Updates","https://public.govdelivery.com/topics/OHCCC_200/feed.rss",https://public.govdelivery.com/accounts/OHCCC/subscriber/new?qsp=OHCCC_200
"204","SER - Short North Permit Parking District - Recent Updates","https://www.columbus.gov/","SER - Short North Permit Parking District - Recent Updates","https://public.govdelivery.com/topics/OHCCC_204/feed.rss",https://public.govdelivery.com/accounts/OHCCC/subscriber/new?qsp=OHCCC_204
"205","SER - Childrens Hospital Special Parking District - Recent Updates","https://www.columbus.gov/","SER - Childrens Hospital Special Parking District - Recent Updates","https://public.govdelivery.com/topics/OHCCC_205/feed.rss",https://public.govdelivery.com/accounts/OHCCC/subscriber/new?qsp=OHCCC_205
"206","SER - Public Service Media List - Recent Updates","https://www.columbus.gov/","SER - Public Service Media List - Recent Updates","https://public.govdelivery.com/topics/OHCCC_206/feed.rss",https://public.govdelivery.com/accounts/OHCCC/subscriber/new?qsp=OHCCC_206
"208","MAY - Linden Updates - Recent Updates","https://www.columbus.gov/","MAY - Linden Updates - Recent Updates","https://public.govdelivery.com/topics/OHCCC_208/feed.rss",https://public.govdelivery.com/accounts/OHCCC/subscriber/new?qsp=OHCCC_208
"209","SER - Strategic Parking Plan - Recent Updates","https://www.columbus.gov/","SER - Strategic Parking Plan - Recent Updates","https://public.govdelivery.com/topics/OHCCC_209/feed.rss",https://public.govdelivery.com/accounts/OHCCC/subscriber/new?qsp=OHCCC_209
"20","MAY - Message from the Mayor - Recent Updates","https://www.columbus.gov/","MAY - Message from the Mayor - Recent Updates","https://public.govdelivery.com/topics/OHCCC_20/feed.rss",https://public.govdelivery.com/accounts/OHCCC/subscriber/new?qsp=OHCCC_20
"211","MAY - Pride - Recent Updates","https://www.columbus.gov/","MAY - Pride - Recent Updates","https://public.govdelivery.com/topics/OHCCC_211/feed.rss",https://public.govdelivery.com/accounts/OHCCC/subscriber/new?qsp=OHCCC_211
"212","MAY - CITY - MSTU - Recent Updates","https://www.columbus.gov/","MAY - CITY - MSTU - Recent Updates","https://public.govdelivery.com/topics/OHCCC_212/feed.rss",https://public.govdelivery.com/accounts/OHCCC/subscriber/new?qsp=OHCCC_212
"213","MAY - CITY - MSTU 2 - Recent Updates","https://www.columbus.gov/","MAY - CITY - MSTU 2 - Recent Updates","https://public.govdelivery.com/topics/OHCCC_213/feed.rss",https://public.govdelivery.com/accounts/OHCCC/subscriber/new?qsp=OHCCC_213
"214","ODI - EBO List - Recent Updates","https://www.columbus.gov/","ODI - EBO List - Recent Updates","https://public.govdelivery.com/topics/OHCCC_214/feed.rss",https://public.govdelivery.com/accounts/OHCCC/subscriber/new?qsp=OHCCC_214
"215","ODI - WBE List - Recent Updates","https://www.columbus.gov/","ODI - WBE List - Recent Updates","https://public.govdelivery.com/topics/OHCCC_215/feed.rss",https://public.govdelivery.com/accounts/OHCCC/subscriber/new?qsp=OHCCC_215
"216","ODI - MBR List - Recent Updates","https://www.columbus.gov/","ODI - MBR List - Recent Updates","https://public.govdelivery.com/topics/OHCCC_216/feed.rss",https://public.govdelivery.com/accounts/OHCCC/subscriber/new?qsp=OHCCC_216
"217","BZS - Dishwasher Memo List - Recent Updates","https://www.columbus.gov/","BZS - Dishwasher Memo List - Recent Updates","https://public.govdelivery.com/topics/OHCCC_217/feed.rss",https://public.govdelivery.com/accounts/OHCCC/subscriber/new?qsp=OHCCC_217
"218","ODI – 2019 Inclusion Report Event - Recent Updates","https://www.columbus.gov","ODI – 2019 Inclusion Report Event - Recent Updates","https://public.govdelivery.com/topics/OHCCC_218/feed.rss",https://public.govdelivery.com/accounts/OHCCC/subscriber/new?qsp=OHCCC_218
"219","MAY - Affordable Housing Presser - Recent Updates","https://www.columbus.gov/","MAY - Affordable Housing Presser - Recent Updates","https://public.govdelivery.com/topics/OHCCC_219/feed.rss",https://public.govdelivery.com/accounts/OHCCC/subscriber/new?qsp=OHCCC_219
"21","CELE1 - CelebrateOne - Recent Updates","https://www.columbus.gov/","CELE1 - CelebrateOne - Recent Updates","https://public.govdelivery.com/topics/OHCCC_21/feed.rss",https://public.govdelivery.com/accounts/OHCCC/subscriber/new?qsp=OHCCC_21
"220","GRN - Sustainable Columbus - Recent Updates","https://www.columbus.gov/","GRN - Sustainable Columbus - Recent Updates","https://public.govdelivery.com/topics/OHCCC_220/feed.rss",https://public.govdelivery.com/accounts/OHCCC/subscriber/new?qsp=OHCCC_220
"222","ODI -Team - Recent Updates","https://www.columbus.gov/","ODI -Team - Recent Updates","https://public.govdelivery.com/topics/OHCCC_222/feed.rss",https://public.govdelivery.com/accounts/OHCCC/subscriber/new?qsp=OHCCC_222
"224","BZS Contractors 7-1-19 - Recent Updates","https://www.columbus.gov/","BZS Contractors 7-1-19 - Recent Updates","https://public.govdelivery.com/topics/OHCCC_224/feed.rss",https://public.govdelivery.com/accounts/OHCCC/subscriber/new?qsp=OHCCC_224
"225","BZS - GC and HIC 7-9-19 - Recent Updates","https://www.columbus.gov/","BZS - GC and HIC 7-9-19 - Recent Updates","https://public.govdelivery.com/topics/OHCCC_225/feed.rss",https://public.govdelivery.com/accounts/OHCCC/subscriber/new?qsp=OHCCC_225
"226","SUS - Sustainable Columbus News & Releases - Recent Updates","https://www.columbus.gov/","SUS - Sustainable Columbus News & Releases - Recent Updates","https://public.govdelivery.com/topics/OHCCC_226/feed.rss",https://public.govdelivery.com/accounts/OHCCC/subscriber/new?qsp=OHCCC_226
"227","BZS - Sign Erectors - Recent Updates","https://www.columbus.gov/","BZS - Sign Erectors - Recent Updates","https://public.govdelivery.com/topics/OHCCC_227/feed.rss",https://public.govdelivery.com/accounts/OHCCC/subscriber/new?qsp=OHCCC_227
"229","NEI - August AC Training Invitee List - Recent Updates","https://www.columbus.gov/","NEI - August AC Training Invitee List - Recent Updates","https://public.govdelivery.com/topics/OHCCC_229/feed.rss",https://public.govdelivery.com/accounts/OHCCC/subscriber/new?qsp=OHCCC_229
"22","MAY - Columbus Women’s Commission - Recent Updates","https://www.columbus.gov/","MAY - Columbus Women’s Commission - Recent Updates","https://public.govdelivery.com/topics/OHCCC_22/feed.rss",https://public.govdelivery.com/accounts/OHCCC/subscriber/new?qsp=OHCCC_22
"233","CELE1 - CelebrateOne_SemiMaster - Recent Updates","https://www.columbus.gov/","CELE1 - CelebrateOne_SemiMaster - Recent Updates","https://public.govdelivery.com/topics/OHCCC_233/feed.rss",https://public.govdelivery.com/accounts/OHCCC/subscriber/new?qsp=OHCCC_233
"236","NEI - 2019 Fall Building & Zoning Training Invite List - Recent Updates","https://www.columbus.gov/","NEI - 2019 Fall Building & Zoning Training Invite List - Recent Updates","https://public.govdelivery.com/topics/OHCCC_236/feed.rss",https://public.govdelivery.com/accounts/OHCCC/subscriber/new?qsp=OHCCC_236
"238","SER - Broadcast Media List - Recent Updates","https://www.columbus.gov/","SER - Broadcast Media List - Recent Updates","https://public.govdelivery.com/topics/OHCCC_238/feed.rss",https://public.govdelivery.com/accounts/OHCCC/subscriber/new?qsp=OHCCC_238
"23","MAY - Media List - Recent Updates","https://www.columbus.gov/","MAY - Media List - Recent Updates","https://public.govdelivery.com/topics/OHCCC_23/feed.rss",https://public.govdelivery.com/accounts/OHCCC/subscriber/new?qsp=OHCCC_23
"241","MAY - 2020 Census Communications Subcommittee - Recent Updates","https://www.columbus.gov/","MAY - 2020 Census Communications Subcommittee - Recent Updates","https://public.govdelivery.com/topics/OHCCC_241/feed.rss",https://public.govdelivery.com/accounts/OHCCC/subscriber/new?qsp=OHCCC_241
"242","ODI - Tom Joyner List - Recent Updates","https://www.columbus.gov/","ODI - Tom Joyner List - Recent Updates","https://public.govdelivery.com/topics/OHCCC_242/feed.rss",https://public.govdelivery.com/accounts/OHCCC/subscriber/new?qsp=OHCCC_242
"243","DPU – Blueprint Columbus - Recent Updates","http://www.columbus.gov","DPU – Blueprint Columbus - Recent Updates","https://public.govdelivery.com/topics/OHCCC_243/feed.rss",https://public.govdelivery.com/accounts/OHCCC/subscriber/new?qsp=OHCCC_243
"246","AUD - Admissions Tax - Recent Updates","https://www.columbus.gov/","AUD - Admissions Tax - Recent Updates","https://public.govdelivery.com/topics/OHCCC_246/feed.rss",https://public.govdelivery.com/accounts/OHCCC/subscriber/new?qsp=OHCCC_246
"247","SER - Connect Columbus Updates - Recent Updates","https://www.columbus.gov/","SER - Connect Columbus Updates - Recent Updates","https://public.govdelivery.com/topics/OHCCC_247/feed.rss",https://public.govdelivery.com/accounts/OHCCC/subscriber/new?qsp=OHCCC_247
"248","SER - SPP Downtown Webinar - Recent Updates","https://www.columbus.gov/","SER - SPP Downtown Webinar - Recent Updates","https://public.govdelivery.com/topics/OHCCC_248/feed.rss",https://public.govdelivery.com/accounts/OHCCC/subscriber/new?qsp=OHCCC_248
"249","CELE1 - CelebrateOne VIP List - Recent Updates","https://www.columbus.gov/","CELE1 - CelebrateOne VIP List - Recent Updates","https://public.govdelivery.com/topics/OHCCC_249/feed.rss",https://public.govdelivery.com/accounts/OHCCC/subscriber/new?qsp=OHCCC_249
"24","SMRT - Smart Columbus - Recent Updates","https://www.columbus.gov/","SMRT - Smart Columbus - Recent Updates","https://public.govdelivery.com/topics/OHCCC_24/feed.rss",https://public.govdelivery.com/accounts/OHCCC/subscriber/new?qsp=OHCCC_24
"250","SER - SPP Downtown Webinar - SID List - Recent Updates","https://www.columbus.gov/","SER - SPP Downtown Webinar - SID List - Recent Updates","https://public.govdelivery.com/topics/OHCCC_250/feed.rss",https://public.govdelivery.com/accounts/OHCCC/subscriber/new?qsp=OHCCC_250
"251","ODI - ConnectUS Conference - Recent Updates","https://www.columbus.gov/","ODI - ConnectUS Conference - Recent Updates","https://public.govdelivery.com/topics/OHCCC_251/feed.rss",https://public.govdelivery.com/accounts/OHCCC/subscriber/new?qsp=OHCCC_251
"252","MAY - ConnectUS (Opening Reception) - Recent Updates","https://www.columbus.gov/","MAY - ConnectUS (Opening Reception) - Recent Updates","https://public.govdelivery.com/topics/OHCCC_252/feed.rss",https://public.govdelivery.com/accounts/OHCCC/subscriber/new?qsp=OHCCC_252
"253","MAY - ConnectUS Reception List 2 - Recent Updates","https://www.columbus.gov/","MAY - ConnectUS Reception List 2 - Recent Updates","https://public.govdelivery.com/topics/OHCCC_253/feed.rss",https://public.govdelivery.com/accounts/OHCCC/subscriber/new?qsp=OHCCC_253
"255","NEI - September AC Training List - Recent Updates","https://www.columbus.gov/","NEI - September AC Training List - Recent Updates","https://public.govdelivery.com/topics/OHCCC_255/feed.rss",https://public.govdelivery.com/accounts/OHCCC/subscriber/new?qsp=OHCCC_255
"257","SER - Diversity Outreach RSVP List - Recent Updates","https://www.columbus.gov/","SER - Diversity Outreach RSVP List - Recent Updates","https://public.govdelivery.com/topics/OHCCC_257/feed.rss",https://public.govdelivery.com/accounts/OHCCC/subscriber/new?qsp=OHCCC_257
"258","SER - Downtown SPP Focus Group - Govt Agencies - Recent Updates","https://www.columbus.gov/","SER - Downtown SPP Focus Group - Govt Agencies - Recent Updates","https://public.govdelivery.com/topics/OHCCC_258/feed.rss",https://public.govdelivery.com/accounts/OHCCC/subscriber/new?qsp=OHCCC_258
"259","SER - Downtown SPP Focus Group - Hospitality - Recent Updates","https://www.columbus.gov/","SER - Downtown SPP Focus Group - Hospitality - Recent Updates","https://public.govdelivery.com/topics/OHCCC_259/feed.rss",https://public.govdelivery.com/accounts/OHCCC/subscriber/new?qsp=OHCCC_259
"260","SER - Downtown SPP Focus Group - Employers - Recent Updates","https://www.columbus.gov/","SER - Downtown SPP Focus Group - Employers - Recent Updates","https://public.govdelivery.com/topics/OHCCC_260/feed.rss",https://public.govdelivery.com/accounts/OHCCC/subscriber/new?qsp=OHCCC_260
"261","SER - Downtown SPP Focus Group - Education - Recent Updates","https://www.columbus.gov/","SER - Downtown SPP Focus Group - Education - Recent Updates","https://public.govdelivery.com/topics/OHCCC_261/feed.rss",https://public.govdelivery.com/accounts/OHCCC/subscriber/new?qsp=OHCCC_261
"262","R&P - Urban Forestry Master Plan Updates - Recent Updates","http://www.columbus.gov","R&P - Urban Forestry Master Plan Updates - Recent Updates","https://public.govdelivery.com/topics/OHCCC_262/feed.rss",https://public.govdelivery.com/accounts/OHCCC/subscriber/new?qsp=OHCCC_262
"263","R&P - Lou Berliner Sports Park Permit Customers - Recent Updates","http://www.columbus.gov","R&P - Lou Berliner Sports Park Permit Customers - Recent Updates","https://public.govdelivery.com/topics/OHCCC_263/feed.rss",https://public.govdelivery.com/accounts/OHCCC/subscriber/new?qsp=OHCCC_263
"264","CCC - R-PACE - Recent Updates","https://www.columbus.gov/","CCC - R-PACE - Recent Updates","https://public.govdelivery.com/topics/OHCCC_264/feed.rss",https://public.govdelivery.com/accounts/OHCCC/subscriber/new?qsp=OHCCC_264
"266","NEI - 2019 MBK Conference - Recent Updates","https://www.columbus.gov/","NEI - 2019 MBK Conference - Recent Updates","https://public.govdelivery.com/topics/OHCCC_266/feed.rss",https://public.govdelivery.com/accounts/OHCCC/subscriber/new?qsp=OHCCC_266
"267","NEI - Area Commissioner Training Strategic Planning & Goal Setting - Recent Updates","https://www.columbus.gov/","NEI - Area Commissioner Training Strategic Planning & Goal Setting - Recent Updates","https://public.govdelivery.com/topics/OHCCC_267/feed.rss",https://public.govdelivery.com/accounts/OHCCC/subscriber/new?qsp=OHCCC_267
"268","ODI - Crew Bids - Recent Updates","https://www.columbus.gov/","ODI - Crew Bids - Recent Updates","https://public.govdelivery.com/topics/OHCCC_268/feed.rss",https://public.govdelivery.com/accounts/OHCCC/subscriber/new?qsp=OHCCC_268
"269","ODI - Crew Bids Open - Recent Updates","https://www.columbus.gov/","ODI - Crew Bids Open - Recent Updates","https://public.govdelivery.com/topics/OHCCC_269/feed.rss",https://public.govdelivery.com/accounts/OHCCC/subscriber/new?qsp=OHCCC_269
"26","CCC - Council Public Meeting Notifications - Recent Updates","https://www.columbus.gov/","CCC - Council Public Meeting Notifications - Recent Updates","https://public.govdelivery.com/topics/OHCCC_26/feed.rss",https://public.govdelivery.com/accounts/OHCCC/subscriber/new?qsp=OHCCC_26
"270","R&P - Youth Sports Programming Updates - Recent Updates","http://www.columbus.gov","R&P - Youth Sports Programming Updates - Recent Updates","https://public.govdelivery.com/topics/OHCCC_270/feed.rss",https://public.govdelivery.com/accounts/OHCCC/subscriber/new?qsp=OHCCC_270
"273","NEI - MBK Partners - Recent Updates","https://www.columbus.gov/","NEI - MBK Partners - Recent Updates","https://public.govdelivery.com/topics/OHCCC_273/feed.rss",https://public.govdelivery.com/accounts/OHCCC/subscriber/new?qsp=OHCCC_273
"279","MAY - Columbus Counts Subcommittee Chairs & Key Stakeholders - Recent Updates","https://www.columbus.gov/","MAY - Columbus Counts Subcommittee Chairs & Key Stakeholders - Recent Updates","https://public.govdelivery.com/topics/OHCCC_279/feed.rss",https://public.govdelivery.com/accounts/OHCCC/subscriber/new?qsp=OHCCC_279
"280","R&P - Fitness, Health and Wellness Programming Updates - Recent Updates","http://www.columbus.gov","R&P - Fitness, Health and Wellness Programming Updates - Recent Updates","https://public.govdelivery.com/topics/OHCCC_280/feed.rss",https://public.govdelivery.com/accounts/OHCCC/subscriber/new?qsp=OHCCC_280
"281","MAY - Mayor's Community Day RSVP - Recent Updates","https://www.columbus.gov/","MAY - Mayor's Community Day RSVP - Recent Updates","https://public.govdelivery.com/topics/OHCCC_281/feed.rss",https://public.govdelivery.com/accounts/OHCCC/subscriber/new?qsp=OHCCC_281
"282","DEV – Small Business Agenda - Recent Updates","http://www.columbus.gov","DEV – Small Business Agenda - Recent Updates","https://public.govdelivery.com/topics/OHCCC_282/feed.rss",https://public.govdelivery.com/accounts/OHCCC/subscriber/new?qsp=OHCCC_282
"283","DEV - Economic Development Division - Recent Updates","http://www.columbus.gov","DEV - Economic Development Division - Recent Updates","https://public.govdelivery.com/topics/OHCCC_283/feed.rss",https://public.govdelivery.com/accounts/OHCCC/subscriber/new?qsp=OHCCC_283
"284","DEV - Small Business Advisory Committee - Recent Updates","http://www.columbus.gov","DEV - Small Business Advisory Committee - Recent Updates","https://public.govdelivery.com/topics/OHCCC_284/feed.rss",https://public.govdelivery.com/accounts/OHCCC/subscriber/new?qsp=OHCCC_284
"285","DEV - Small Business Advisory Committee - Project Team Only - Recent Updates","http://www.columbus.gov","DEV - Small Business Advisory Committee - Project Team Only - Recent Updates","https://public.govdelivery.com/topics/OHCCC_285/feed.rss",https://public.govdelivery.com/accounts/OHCCC/subscriber/new?qsp=OHCCC_285
"286","SER - Short North Permit Renewal 2020 – Residents - Recent Updates","http://www.columbus.gov","SER - Short North Permit Renewal 2020 – Residents - Recent Updates","https://public.govdelivery.com/topics/OHCCC_286/feed.rss",https://public.govdelivery.com/accounts/OHCCC/subscriber/new?qsp=OHCCC_286
"287","SER - Short North Permit Renewal 2020 – Commercial - Recent Updates","http://www.columbus.gov","SER - Short North Permit Renewal 2020 – Commercial - Recent Updates","https://public.govdelivery.com/topics/OHCCC_287/feed.rss",https://public.govdelivery.com/accounts/OHCCC/subscriber/new?qsp=OHCCC_287
"288","NEI Building & Zoning Training Invite List - Recent Updates","https://www.columbus.gov/","NEI Building & Zoning Training Invite List - Recent Updates","https://public.govdelivery.com/topics/OHCCC_288/feed.rss",https://public.govdelivery.com/accounts/OHCCC/subscriber/new?qsp=OHCCC_288
"289","SER - NW Corridor Stakeholders – Group 1 - Recent Updates","http://www.columbus.gov","SER - NW Corridor Stakeholders – Group 1 - Recent Updates","https://public.govdelivery.com/topics/OHCCC_289/feed.rss",https://public.govdelivery.com/accounts/OHCCC/subscriber/new?qsp=OHCCC_289
"28","DEV - Development News & Releases - Recent Updates","https://www.columbus.gov/","DEV - Development News & Releases - Recent Updates","https://public.govdelivery.com/topics/OHCCC_28/feed.rss",https://public.govdelivery.com/accounts/OHCCC/subscriber/new?qsp=OHCCC_28
"290","SER - NW Corridor Stakeholders – Group 2 - Recent Updates","http://www.columbus.gov","SER - NW Corridor Stakeholders – Group 2 - Recent Updates","https://public.govdelivery.com/topics/OHCCC_290/feed.rss",https://public.govdelivery.com/accounts/OHCCC/subscriber/new?qsp=OHCCC_290
"293","SOTC Reception Invite List - Recent Updates","https://www.columbus.gov/","SOTC Reception Invite List - Recent Updates","https://public.govdelivery.com/topics/OHCCC_293/feed.rss",https://public.govdelivery.com/accounts/OHCCC/subscriber/new?qsp=OHCCC_293
"294","AUD - Dayforce Announcements - Recent Updates","https://www.columbus.gov/","AUD - Dayforce Announcements - Recent Updates","https://public.govdelivery.com/topics/OHCCC_294/feed.rss",https://public.govdelivery.com/accounts/OHCCC/subscriber/new?qsp=OHCCC_294
"295","R&P - West Case Road Property Updates - Recent Updates","https://www.columbus.gov/","R&P - West Case Road Property Updates - Recent Updates","https://public.govdelivery.com/topics/OHCCC_295/feed.rss",https://public.govdelivery.com/accounts/OHCCC/subscriber/new?qsp=OHCCC_295
"296","R&P - Volunteer Information - Recent Updates","https://www.columbus.gov/","R&P - Volunteer Information - Recent Updates","https://public.govdelivery.com/topics/OHCCC_296/feed.rss",https://public.govdelivery.com/accounts/OHCCC/subscriber/new?qsp=OHCCC_296
"297","R&P - Athletic Complex Customers - Recent Updates","https://www.columbus.gov/","R&P - Athletic Complex Customers - Recent Updates","https://public.govdelivery.com/topics/OHCCC_297/feed.rss",https://public.govdelivery.com/accounts/OHCCC/subscriber/new?qsp=OHCCC_297
"298","R&P - Aquatics Programming Updates - Recent Updates","https://www.columbus.gov/","R&P - Aquatics Programming Updates - Recent Updates","https://public.govdelivery.com/topics/OHCCC_298/feed.rss",https://public.govdelivery.com/accounts/OHCCC/subscriber/new?qsp=OHCCC_298
"299","R&P - CRPD Fitness Camp - Recent Updates","https://www.columbus.gov/","R&P - CRPD Fitness Camp - Recent Updates","https://public.govdelivery.com/topics/OHCCC_299/feed.rss",https://public.govdelivery.com/accounts/OHCCC/subscriber/new?qsp=OHCCC_299
"29","DEV - Meeting notifications for residents in Planning neighborhoods - Recent Updates","https://www.columbus.gov/","DEV - Meeting notifications for residents in Planning neighborhoods - Recent Updates","https://public.govdelivery.com/topics/OHCCC_29/feed.rss",https://public.govdelivery.com/accounts/OHCCC/subscriber/new?qsp=OHCCC_29
"300","R&P - Sports - SportsTalkColumbus Podcast - Recent Updates","https://www.columbus.gov/","R&P - Sports - SportsTalkColumbus Podcast - Recent Updates","https://public.govdelivery.com/topics/OHCCC_300/feed.rss",https://public.govdelivery.com/accounts/OHCCC/subscriber/new?qsp=OHCCC_300
"302","CWC-Gender Equity Participants - Recent Updates","https://www.columbus.gov/","CWC-Gender Equity Participants - Recent Updates","https://public.govdelivery.com/topics/OHCCC_302/feed.rss",https://public.govdelivery.com/accounts/OHCCC/subscriber/new?qsp=OHCCC_302
"303","MAY-CWC Commisssioners - Recent Updates","https://www.columbus.gov/","MAY-CWC Commisssioners - Recent Updates","https://public.govdelivery.com/topics/OHCCC_303/feed.rss",https://public.govdelivery.com/accounts/OHCCC/subscriber/new?qsp=OHCCC_303
"304","MAY-CWC Adopter List - Recent Updates","https://www.columbus.gov/","MAY-CWC Adopter List - Recent Updates","https://public.govdelivery.com/topics/OHCCC_304/feed.rss",https://public.govdelivery.com/accounts/OHCCC/subscriber/new?qsp=OHCCC_304
"308","R&P - Donors - Recent Updates","https://www.columbus.gov/","R&P - Donors - Recent Updates","https://public.govdelivery.com/topics/OHCCC_308/feed.rss",https://public.govdelivery.com/accounts/OHCCC/subscriber/new?qsp=OHCCC_308
"310","ALL - City of Columbus Staff - Civilian - Recent Updates","https://www.columbus.gov/","ALL - City of Columbus Staff - Civilian - Recent Updates","https://public.govdelivery.com/topics/OHCCC_310/feed.rss",https://public.govdelivery.com/accounts/OHCCC/subscriber/new?qsp=OHCCC_310
"311","CWC Commitment Adoptees - Recent Updates","https://www.columbus.gov/","CWC Commitment Adoptees - Recent Updates","https://public.govdelivery.com/topics/OHCCC_311/feed.rss",https://public.govdelivery.com/accounts/OHCCC/subscriber/new?qsp=OHCCC_311
"313","R&P - All Staff - Recent Updates","https://www.columbus.gov/","R&P - All Staff - Recent Updates","https://public.govdelivery.com/topics/OHCCC_313/feed.rss",https://public.govdelivery.com/accounts/OHCCC/subscriber/new?qsp=OHCCC_313
"314","EDU-Eligible Child Care Recovery and Stabilization Grant - Recent Updates","https://www.columbus.gov/","EDU-Eligible Child Care Recovery and Stabilization Grant - Recent Updates","https://public.govdelivery.com/topics/OHCCC_314/feed.rss",https://public.govdelivery.com/accounts/OHCCC/subscriber/new?qsp=OHCCC_314
"316","SERV - Little Tuttle Way - Recent Updates","https://www.columbus.gov/","SERV - Little Tuttle Way - Recent Updates","https://public.govdelivery.com/topics/OHCCC_316/feed.rss",https://public.govdelivery.com/accounts/OHCCC/subscriber/new?qsp=OHCCC_316
"318","CCC - Councilmember Favor's Forum - Recent Updates","https://www.columbus.gov/","CCC - Councilmember Favor's Forum - Recent Updates","https://public.govdelivery.com/topics/OHCCC_318/feed.rss",https://public.govdelivery.com/accounts/OHCCC/subscriber/new?qsp=OHCCC_318
"319","CWC-2020 Commissioners - Recent Updates","https://www.columbus.gov/","CWC-2020 Commissioners - Recent Updates","https://public.govdelivery.com/topics/OHCCC_319/feed.rss",https://public.govdelivery.com/accounts/OHCCC/subscriber/new?qsp=OHCCC_319
"321","CWC-Financial Empowerment - Recent Updates","https://www.columbus.gov/","CWC-Financial Empowerment - Recent Updates","https://public.govdelivery.com/topics/OHCCC_321/feed.rss",https://public.govdelivery.com/accounts/OHCCC/subscriber/new?qsp=OHCCC_321
"322","CARES Act Utility Bill Assistance - Recent Updates","https://www.columbus.gov/","CARES Act Utility Bill Assistance - Recent Updates","https://public.govdelivery.com/topics/OHCCC_322/feed.rss",https://public.govdelivery.com/accounts/OHCCC/subscriber/new?qsp=OHCCC_322
"323","DEV - Forward to businesses message_Nov 2020 Small Business Survey_OSBED - Recent Updates","http://www.columbus.gov","DEV - Forward to businesses message_Nov 2020 Small Business Survey_OSBED - Recent Updates","https://public.govdelivery.com/topics/OHCCC_323/feed.rss",https://public.govdelivery.com/accounts/OHCCC/subscriber/new?qsp=OHCCC_323
"324","DEV - Businesses_Nov 2020 Small Business Agenda Survey_OSBED - Recent Updates","http://www.columbus.gov","DEV - Businesses_Nov 2020 Small Business Agenda Survey_OSBED - Recent Updates","https://public.govdelivery.com/topics/OHCCC_324/feed.rss",https://public.govdelivery.com/accounts/OHCCC/subscriber/new?qsp=OHCCC_324
"325","DEV - ESOs Survey and forward to small business message_Nov 2020_OSBED - Recent Updates","http://www.columbus.gov","DEV - ESOs Survey and forward to small business message_Nov 2020_OSBED - Recent Updates","https://public.govdelivery.com/topics/OHCCC_325/feed.rss",https://public.govdelivery.com/accounts/OHCCC/subscriber/new?qsp=OHCCC_325
"327","MLEN - Recent Updates","https://www.columbus.gov/","MLEN - Recent Updates","https://public.govdelivery.com/topics/OHCCC_327/feed.rss",https://public.govdelivery.com/accounts/OHCCC/subscriber/new?qsp=OHCCC_327
"329","MLEN 2 - Recent Updates","https://www.columbus.gov/","MLEN 2 - Recent Updates","https://public.govdelivery.com/topics/OHCCC_329/feed.rss",https://public.govdelivery.com/accounts/OHCCC/subscriber/new?qsp=OHCCC_329
"32","DEV - Economic Development activities - Recent Updates","https://www.columbus.gov/","DEV - Economic Development activities - Recent Updates","https://public.govdelivery.com/topics/OHCCC_32/feed.rss",https://public.govdelivery.com/accounts/OHCCC/subscriber/new?qsp=OHCCC_32
"331","Franklin County Providers - Recent Updates","https://www.columbus.gov/","Franklin County Providers - Recent Updates","https://public.govdelivery.com/topics/OHCCC_331/feed.rss",https://public.govdelivery.com/accounts/OHCCC/subscriber/new?qsp=OHCCC_331
"332","CPH Message - Recent Updates","https://www.columbus.gov/","CPH Message - Recent Updates","https://public.govdelivery.com/topics/OHCCC_332/feed.rss",https://public.govdelivery.com/accounts/OHCCC/subscriber/new?qsp=OHCCC_332
"334","R & P - Sports Organizations - Recent Updates","https://www.columbus.gov/","R & P - Sports Organizations - Recent Updates","https://public.govdelivery.com/topics/OHCCC_334/feed.rss",https://public.govdelivery.com/accounts/OHCCC/subscriber/new?qsp=OHCCC_334
"336","R & P - Sports Orgs Reminder - Recent Updates","https://www.columbus.gov/","R & P - Sports Orgs Reminder - Recent Updates","https://public.govdelivery.com/topics/OHCCC_336/feed.rss",https://public.govdelivery.com/accounts/OHCCC/subscriber/new?qsp=OHCCC_336
"337","R&P - Sports - CRPDSports Email - Recent Updates","https://www.columbus.gov/","R&P - Sports - CRPDSports Email - Recent Updates","https://public.govdelivery.com/topics/OHCCC_337/feed.rss",https://public.govdelivery.com/accounts/OHCCC/subscriber/new?qsp=OHCCC_337
"339","R & P - Community Sports Park - Recent Updates","https://www.columbus.gov/","R & P - Community Sports Park - Recent Updates","https://public.govdelivery.com/topics/OHCCC_339/feed.rss",https://public.govdelivery.com/accounts/OHCCC/subscriber/new?qsp=OHCCC_339
"33","DEV - Updates on relevant code enforcement actions in specific areas - Recent Updates","https://www.columbus.gov/","DEV - Updates on relevant code enforcement actions in specific areas - Recent Updates","https://public.govdelivery.com/topics/OHCCC_33/feed.rss",https://public.govdelivery.com/accounts/OHCCC/subscriber/new?qsp=OHCCC_33
"340","BZS - Zone In Columbus - Recent Updates","https://www.columbus.gov/","BZS - Zone In Columbus - Recent Updates","https://public.govdelivery.com/topics/OHCCC_340/feed.rss",https://public.govdelivery.com/accounts/OHCCC/subscriber/new?qsp=OHCCC_340
"341","SUS - Sustainable Columbus Climate Action Plan - Recent Updates","https://www.columbus.gov/","SUS - Sustainable Columbus Climate Action Plan - Recent Updates","https://public.govdelivery.com/topics/OHCCC_341/feed.rss",https://public.govdelivery.com/accounts/OHCCC/subscriber/new?qsp=OHCCC_341
"342","R & P - Media Releases - Recent Updates","https://www.columbus.gov/","R & P - Media Releases - Recent Updates","https://public.govdelivery.com/topics/OHCCC_342/feed.rss",https://public.govdelivery.com/accounts/OHCCC/subscriber/new?qsp=OHCCC_342
"344","MAY - Financial Navigator Program - Recent Updates","http://www.columbus.gov","MAY - Financial Navigator Program - Recent Updates","https://public.govdelivery.com/topics/OHCCC_344/feed.rss",https://public.govdelivery.com/accounts/OHCCC/subscriber/new?qsp=OHCCC_344
"346","DEV - SB_2020_COVIDRGwithPPEG_R1_ NS Survey_032021 - Recent Updates","http://www.columbus.gov","DEV - SB_2020_COVIDRGwithPPEG_R1_ NS Survey_032021 - Recent Updates","https://public.govdelivery.com/topics/OHCCC_346/feed.rss",https://public.govdelivery.com/accounts/OHCCC/subscriber/new?qsp=OHCCC_346
"347","R & P - Aquatics Capital Improvement Plan - Recent Updates","https://www.columbus.gov/","R & P - Aquatics Capital Improvement Plan - Recent Updates","https://public.govdelivery.com/topics/OHCCC_347/feed.rss",https://public.govdelivery.com/accounts/OHCCC/subscriber/new?qsp=OHCCC_347
"348","R & P - Broad Street Arts and Senior Campus - Recent Updates","https://www.columbus.gov/","R & P - Broad Street Arts and Senior Campus - Recent Updates","https://public.govdelivery.com/topics/OHCCC_348/feed.rss",https://public.govdelivery.com/accounts/OHCCC/subscriber/new?qsp=OHCCC_348
"349","CARES Act Small Business fund recipients - Recent Updates","https://www.columbus.gov/","CARES Act Small Business fund recipients - Recent Updates","https://public.govdelivery.com/topics/OHCCC_349/feed.rss",https://public.govdelivery.com/accounts/OHCCC/subscriber/new?qsp=OHCCC_349
"34","DOT - CTV This Week - Recent Updates","https://www.columbus.gov/","DOT - CTV This Week - Recent Updates","https://public.govdelivery.com/topics/OHCCC_34/feed.rss",https://public.govdelivery.com/accounts/OHCCC/subscriber/new?qsp=OHCCC_34
"350","R & P - 2021 Memorial Day Pools - Recent Updates","https://www.columbus.gov/","R & P - 2021 Memorial Day Pools - Recent Updates","https://public.govdelivery.com/topics/OHCCC_350/feed.rss",https://public.govdelivery.com/accounts/OHCCC/subscriber/new?qsp=OHCCC_350
"351","R & P - Tuttle Pool Monday - Recent Updates","https://www.columbus.gov/","R & P - Tuttle Pool Monday - Recent Updates","https://public.govdelivery.com/topics/OHCCC_351/feed.rss",https://public.govdelivery.com/accounts/OHCCC/subscriber/new?qsp=OHCCC_351
"352","Constituents-Police Chief Search - Recent Updates","https://www.columbus.gov/","Constituents-Police Chief Search - Recent Updates","https://public.govdelivery.com/topics/OHCCC_352/feed.rss",https://public.govdelivery.com/accounts/OHCCC/subscriber/new?qsp=OHCCC_352
"353","R & P - Tuttle June 7 - Recent Updates","https://www.columbus.gov/","R & P - Tuttle June 7 - Recent Updates","https://public.govdelivery.com/topics/OHCCC_353/feed.rss",https://public.govdelivery.com/accounts/OHCCC/subscriber/new?qsp=OHCCC_353
"354","SER - University District - Recent Updates","https://www.columbus.gov/","SER - University District - Recent Updates","https://public.govdelivery.com/topics/OHCCC_354/feed.rss",https://public.govdelivery.com/accounts/OHCCC/subscriber/new?qsp=OHCCC_354
"355","Interfaith Leaders Meeting - Recent Updates","https://www.columbus.gov/","Interfaith Leaders Meeting - Recent Updates","https://public.govdelivery.com/topics/OHCCC_355/feed.rss",https://public.govdelivery.com/accounts/OHCCC/subscriber/new?qsp=OHCCC_355
"356","R&P - Food Office - Recent Updates","https://www.columbus.gov/","R&P - Food Office - Recent Updates","https://public.govdelivery.com/topics/OHCCC_356/feed.rss",https://public.govdelivery.com/accounts/OHCCC/subscriber/new?qsp=OHCCC_356
"357","CCC - Councilmember Dorans' Forum - Recent Updates","https://www.columbus.gov/","CCC - Councilmember Dorans' Forum - Recent Updates","https://public.govdelivery.com/topics/OHCCC_357/feed.rss",https://public.govdelivery.com/accounts/OHCCC/subscriber/new?qsp=OHCCC_357
"358","MAY-Interfaith Leaders Oct 2021 - Recent Updates","https://www.columbus.gov/","MAY-Interfaith Leaders Oct 2021 - Recent Updates","https://public.govdelivery.com/topics/OHCCC_358/feed.rss",https://public.govdelivery.com/accounts/OHCCC/subscriber/new?qsp=OHCCC_358
"359","Hispanic/Latinx Leaders - Recent Updates","https://www.columbus.gov/","Hispanic/Latinx Leaders - Recent Updates","https://public.govdelivery.com/topics/OHCCC_359/feed.rss",https://public.govdelivery.com/accounts/OHCCC/subscriber/new?qsp=OHCCC_359
"35","SER - WarriorWatch - Recent Updates","https://www.columbus.gov/","SER - WarriorWatch - Recent Updates","https://public.govdelivery.com/topics/OHCCC_35/feed.rss",https://public.govdelivery.com/accounts/OHCCC/subscriber/new?qsp=OHCCC_35
"360","30 x30 - Recent Updates","https://www.columbus.gov/","30 x30 - Recent Updates","https://public.govdelivery.com/topics/OHCCC_360/feed.rss",https://public.govdelivery.com/accounts/OHCCC/subscriber/new?qsp=OHCCC_360
"362","Columbus Women's Commission - Thank You - Recent Updates","https://www.columbus.gov/","Columbus Women's Commission - Thank You - Recent Updates","https://public.govdelivery.com/topics/OHCCC_362/feed.rss",https://public.govdelivery.com/accounts/OHCCC/subscriber/new?qsp=OHCCC_362
"364","CWC November Webinar 2021 - Recent Updates","https://www.columbus.gov/","CWC November Webinar 2021 - Recent Updates","https://public.govdelivery.com/topics/OHCCC_364/feed.rss",https://public.govdelivery.com/accounts/OHCCC/subscriber/new?qsp=OHCCC_364
"365","R&P - Community Centers Programming Updates - Recent Updates","https://www.columbus.gov/","R&P - Community Centers Programming Updates - Recent Updates","https://public.govdelivery.com/topics/OHCCC_365/feed.rss",https://public.govdelivery.com/accounts/OHCCC/subscriber/new?qsp=OHCCC_365
"367","DPU – Blueprint Columbus Clintonville 1 Construction Updates - Recent Updates","https://www.columbus.gov/","DPU – Blueprint Columbus Clintonville 1 Construction Updates - Recent Updates","https://public.govdelivery.com/topics/OHCCC_367/feed.rss",https://public.govdelivery.com/accounts/OHCCC/subscriber/new?qsp=OHCCC_367
"368","DPU – Blueprint Columbus North Linden 1 Construction Updates - Recent Updates","https://www.columbus.gov/","DPU – Blueprint Columbus North Linden 1 Construction Updates - Recent Updates","https://public.govdelivery.com/topics/OHCCC_368/feed.rss",https://public.govdelivery.com/accounts/OHCCC/subscriber/new?qsp=OHCCC_368
"369","DPU — Blueprint Columbus Hilltop 1 Construction Updates - Recent Updates","https://www.columbus.gov/","DPU — Blueprint Columbus Hilltop 1 Construction Updates - Recent Updates","https://public.govdelivery.com/topics/OHCCC_369/feed.rss",https://public.govdelivery.com/accounts/OHCCC/subscriber/new?qsp=OHCCC_369
"36","SER - Public Service News & Releases - Recent Updates","https://www.columbus.gov/","SER - Public Service News & Releases - Recent Updates","https://public.govdelivery.com/topics/OHCCC_36/feed.rss",https://public.govdelivery.com/accounts/OHCCC/subscriber/new?qsp=OHCCC_36
"370","DPU — Blueprint Columbus Miller-Kelton Construction Updates - Recent Updates","https://www.columbus.gov/","DPU — Blueprint Columbus Miller-Kelton Construction Updates - Recent Updates","https://public.govdelivery.com/topics/OHCCC_370/feed.rss",https://public.govdelivery.com/accounts/OHCCC/subscriber/new?qsp=OHCCC_370
"371","CWC November Thank You 2021 - Recent Updates","https://www.columbus.gov/","CWC November Thank You 2021 - Recent Updates","https://public.govdelivery.com/topics/OHCCC_371/feed.rss",https://public.govdelivery.com/accounts/OHCCC/subscriber/new?qsp=OHCCC_371
"372","Budget Preview Invitation - Recent Updates","https://www.columbus.gov/","Budget Preview Invitation - Recent Updates","https://public.govdelivery.com/topics/OHCCC_372/feed.rss",https://public.govdelivery.com/accounts/OHCCC/subscriber/new?qsp=OHCCC_372
"373","ARP Portal Contacts - Recent Updates","https://www.columbus.gov/","ARP Portal Contacts - Recent Updates","https://public.govdelivery.com/topics/OHCCC_373/feed.rss",https://public.govdelivery.com/accounts/OHCCC/subscriber/new?qsp=OHCCC_373
"374","R and P all staff - Recent Updates","https://www.columbus.gov/","R and P all staff - Recent Updates","https://public.govdelivery.com/topics/OHCCC_374/feed.rss",https://public.govdelivery.com/accounts/OHCCC/subscriber/new?qsp=OHCCC_374
"375","SER - Vision Zero Columbus - Recent Updates","https://www.columbus.gov/","SER - Vision Zero Columbus - Recent Updates","https://public.govdelivery.com/topics/OHCCC_375/feed.rss",https://public.govdelivery.com/accounts/OHCCC/subscriber/new?qsp=OHCCC_375
"376","SER - 2021 Press List - Recent Updates","https://www.columbus.gov/","SER - 2021 Press List - Recent Updates","https://public.govdelivery.com/topics/OHCCC_376/feed.rss",https://public.govdelivery.com/accounts/OHCCC/subscriber/new?qsp=OHCCC_376
"377","R&P - Sports - Youth Basketball League Parents - Recent Updates","https://www.columbus.gov/","R&P - Sports - Youth Basketball League Parents - Recent Updates","https://public.govdelivery.com/topics/OHCCC_377/feed.rss",https://public.govdelivery.com/accounts/OHCCC/subscriber/new?qsp=OHCCC_377
"378","HR – Small Businesses - Recent Updates","https://www.columbus.gov/","HR – Small Businesses - Recent Updates","https://public.govdelivery.com/topics/OHCCC_378/feed.rss",https://public.govdelivery.com/accounts/OHCCC/subscriber/new?qsp=OHCCC_378
"379","HR – Enterprise Customers - Recent Updates","https://www.columbus.gov/","HR – Enterprise Customers - Recent Updates","https://public.govdelivery.com/topics/OHCCC_379/feed.rss",https://public.govdelivery.com/accounts/OHCCC/subscriber/new?qsp=OHCCC_379
"37","SER - Short North Streetscape Improvements - Recent Updates","https://www.columbus.gov/","SER - Short North Streetscape Improvements - Recent Updates","https://public.govdelivery.com/topics/OHCCC_37/feed.rss",https://public.govdelivery.com/accounts/OHCCC/subscriber/new?qsp=OHCCC_37
"380","R & P - Commissioners and City Leadership - Recent Updates","https://www.columbus.gov/","R & P - Commissioners and City Leadership - Recent Updates","https://public.govdelivery.com/topics/OHCCC_380/feed.rss",https://public.govdelivery.com/accounts/OHCCC/subscriber/new?qsp=OHCCC_380
"385","R&P - GolfNow Email List - Recent Updates","https://www.columbus.gov/","R&P - GolfNow Email List - Recent Updates","https://public.govdelivery.com/topics/OHCCC_385/feed.rss",https://public.govdelivery.com/accounts/OHCCC/subscriber/new?qsp=OHCCC_385
"386","HEA - Public Health News and Events - Recent Updates","https://www.columbus.gov/","HEA - Public Health News and Events - Recent Updates","https://public.govdelivery.com/topics/OHCCC_386/feed.rss",https://public.govdelivery.com/accounts/OHCCC/subscriber/new?qsp=OHCCC_386
"387","CCC - Councilmember Barroso de Padilla's Forum - Recent Updates","https://www.columbus.gov/","CCC - Councilmember Barroso de Padilla's Forum - Recent Updates","https://public.govdelivery.com/topics/OHCCC_387/feed.rss",https://public.govdelivery.com/accounts/OHCCC/subscriber/new?qsp=OHCCC_387
"388","R&P - Sports - Youth Soccer League Parents - Recent Updates","https://www.columbus.gov/","R&P - Sports - Youth Soccer League Parents - Recent Updates","https://public.govdelivery.com/topics/OHCCC_388/feed.rss",https://public.govdelivery.com/accounts/OHCCC/subscriber/new?qsp=OHCCC_388
"389","Message from Director Clark - Recent Updates","https://www.columbus.gov/","Message from Director Clark - Recent Updates","https://public.govdelivery.com/topics/OHCCC_389/feed.rss",https://public.govdelivery.com/accounts/OHCCC/subscriber/new?qsp=OHCCC_389
"38","DPU - Public Utilities News & Releases - Recent Updates","https://www.columbus.gov/","DPU - Public Utilities News & Releases - Recent Updates","https://public.govdelivery.com/topics/OHCCC_38/feed.rss",https://public.govdelivery.com/accounts/OHCCC/subscriber/new?qsp=OHCCC_38
"390","DPU – Blueprint Columbus 5th by NW Construction Updates - Recent Updates","https://www.columbus.gov/","DPU – Blueprint Columbus 5th by NW Construction Updates - Recent Updates","https://public.govdelivery.com/topics/OHCCC_390/feed.rss",https://public.govdelivery.com/accounts/OHCCC/subscriber/new?qsp=OHCCC_390
"391","DPU – Blueprint Columbus Clintonville II Construction Updates - Recent Updates","https://www.columbus.gov/","DPU – Blueprint Columbus Clintonville II Construction Updates - Recent Updates","https://public.govdelivery.com/topics/OHCCC_391/feed.rss",https://public.govdelivery.com/accounts/OHCCC/subscriber/new?qsp=OHCCC_391
"392","DPU – Blueprint Columbus Clintonville III Construction Updates - Recent Updates","https://www.columbus.gov/","DPU – Blueprint Columbus Clintonville III Construction Updates - Recent Updates","https://public.govdelivery.com/topics/OHCCC_392/feed.rss",https://public.govdelivery.com/accounts/OHCCC/subscriber/new?qsp=OHCCC_392
"393","DPU – Blueprint Columbus Hilltop 2 Construction Updates - Recent Updates","https://www.columbus.gov/","DPU – Blueprint Columbus Hilltop 2 Construction Updates - Recent Updates","https://public.govdelivery.com/topics/OHCCC_393/feed.rss",https://public.govdelivery.com/accounts/OHCCC/subscriber/new?qsp=OHCCC_393
"394","DPU – Blueprint Columbus Hilltop 3 Construction Updates - Recent Updates","https://www.columbus.gov/","DPU – Blueprint Columbus Hilltop 3 Construction Updates - Recent Updates","https://public.govdelivery.com/topics/OHCCC_394/feed.rss",https://public.govdelivery.com/accounts/OHCCC/subscriber/new?qsp=OHCCC_394
"395","DPU – Blueprint Columbus Hilltop 4 Construction Updates - Recent Updates","https://www.columbus.gov/","DPU – Blueprint Columbus Hilltop 4 Construction Updates - Recent Updates","https://public.govdelivery.com/topics/OHCCC_395/feed.rss",https://public.govdelivery.com/accounts/OHCCC/subscriber/new?qsp=OHCCC_395
"396","DPU – Blueprint Columbus James Livingston 1 Construction Updates - Recent Updates","https://www.columbus.gov/","DPU – Blueprint Columbus James Livingston 1 Construction Updates - Recent Updates","https://public.govdelivery.com/topics/OHCCC_396/feed.rss",https://public.govdelivery.com/accounts/OHCCC/subscriber/new?qsp=OHCCC_396
"397","DPU – Blueprint Columbus James Livingston 2 Construction Updates - Recent Updates","https://www.columbus.gov/","DPU – Blueprint Columbus James Livingston 2 Construction Updates - Recent Updates","https://public.govdelivery.com/topics/OHCCC_397/feed.rss",https://public.govdelivery.com/accounts/OHCCC/subscriber/new?qsp=OHCCC_397
"398","DPU – Blueprint Columbus James Livingston 3 Construction Updates - Recent Updates","https://www.columbus.gov/","DPU – Blueprint Columbus James Livingston 3 Construction Updates - Recent Updates","https://public.govdelivery.com/topics/OHCCC_398/feed.rss",https://public.govdelivery.com/accounts/OHCCC/subscriber/new?qsp=OHCCC_398
"399","DPU – Blueprint Columbus James Livingston 4 Construction Updates - Recent Updates","https://www.columbus.gov/","DPU – Blueprint Columbus James Livingston 4 Construction Updates - Recent Updates","https://public.govdelivery.com/topics/OHCCC_399/feed.rss",https://public.govdelivery.com/accounts/OHCCC/subscriber/new?qsp=OHCCC_399
"400","DPU – Blueprint Columbus James Livingston 5 Construction Updates - Recent Updates","https://www.columbus.gov/","DPU – Blueprint Columbus James Livingston 5 Construction Updates - Recent Updates","https://public.govdelivery.com/topics/OHCCC_400/feed.rss",https://public.govdelivery.com/accounts/OHCCC/subscriber/new?qsp=OHCCC_400
"401","DPU – Blueprint Columbus Near South Construction Updates - Recent Updates","https://www.columbus.gov/","DPU – Blueprint Columbus Near South Construction Updates - Recent Updates","https://public.govdelivery.com/topics/OHCCC_401/feed.rss",https://public.govdelivery.com/accounts/OHCCC/subscriber/new?qsp=OHCCC_401
"402","DPU – Blueprint Columbus North Linden 2 Construction Updates - Recent Updates","https://www.columbus.gov/","DPU – Blueprint Columbus North Linden 2 Construction Updates - Recent Updates","https://public.govdelivery.com/topics/OHCCC_402/feed.rss",https://public.govdelivery.com/accounts/OHCCC/subscriber/new?qsp=OHCCC_402
"403","DPU – Blueprint Columbus Old Beechwold Construction Updates - Recent Updates","https://www.columbus.gov/","DPU – Blueprint Columbus Old Beechwold Construction Updates - Recent Updates","https://public.govdelivery.com/topics/OHCCC_403/feed.rss",https://public.govdelivery.com/accounts/OHCCC/subscriber/new?qsp=OHCCC_403
"404","DPU – Blueprint Columbus Plum Ridge Construction Updates - Recent Updates","https://www.columbus.gov/","DPU – Blueprint Columbus Plum Ridge Construction Updates - Recent Updates","https://public.govdelivery.com/topics/OHCCC_404/feed.rss",https://public.govdelivery.com/accounts/OHCCC/subscriber/new?qsp=OHCCC_404
"405","DPU – Blueprint Columbus South Linden Construction Updates - Recent Updates","https://www.columbus.gov/","DPU – Blueprint Columbus South Linden Construction Updates - Recent Updates","https://public.govdelivery.com/topics/OHCCC_405/feed.rss",https://public.govdelivery.com/accounts/OHCCC/subscriber/new?qsp=OHCCC_405
"406","DPU – Blueprint Columbus West Franklinton Construction Updates - Recent Updates","https://www.columbus.gov/","DPU – Blueprint Columbus West Franklinton Construction Updates - Recent Updates","https://public.govdelivery.com/topics/OHCCC_406/feed.rss",https://public.govdelivery.com/accounts/OHCCC/subscriber/new?qsp=OHCCC_406
"407","R & P - Champions for PLAY - Recent Updates","https://www.columbus.gov/","R & P - Champions for PLAY - Recent Updates","https://public.govdelivery.com/topics/OHCCC_407/feed.rss",https://public.govdelivery.com/accounts/OHCCC/subscriber/new?qsp=OHCCC_407
"408","R & P - Summer Camp - Recent Updates","https://www.columbus.gov/","R & P - Summer Camp - Recent Updates","https://public.govdelivery.com/topics/OHCCC_408/feed.rss",https://public.govdelivery.com/accounts/OHCCC/subscriber/new?qsp=OHCCC_408
"409","SER - Keep Columbus Beautiful (KCB) - Recent Updates","https://www.columbus.gov/","SER - Keep Columbus Beautiful (KCB) - Recent Updates","https://public.govdelivery.com/topics/OHCCC_409/feed.rss",https://public.govdelivery.com/accounts/OHCCC/subscriber/new?qsp=OHCCC_409
"40","EDU - Child Care Providers - Recent Updates","https://www.columbus.gov/","EDU - Child Care Providers - Recent Updates","https://public.govdelivery.com/topics/OHCCC_40/feed.rss",https://public.govdelivery.com/accounts/OHCCC/subscriber/new?qsp=OHCCC_40
"411","SER – Columbus Apartment Managers - Recent Updates","https://www.columbus.gov/","SER – Columbus Apartment Managers - Recent Updates","https://public.govdelivery.com/topics/OHCCC_411/feed.rss",https://public.govdelivery.com/accounts/OHCCC/subscriber/new?qsp=OHCCC_411
"412","CCC - Councilmember Emmanuel V. Remy's Forum - Recent Updates","https://www.columbus.gov/","CCC - Councilmember Emmanuel V. Remy's Forum - Recent Updates","https://public.govdelivery.com/topics/OHCCC_412/feed.rss",https://public.govdelivery.com/accounts/OHCCC/subscriber/new?qsp=OHCCC_412
"413","CWC Commitment Kick-off - Recent Updates","https://www.columbus.gov/","CWC Commitment Kick-off - Recent Updates","https://public.govdelivery.com/topics/OHCCC_413/feed.rss",https://public.govdelivery.com/accounts/OHCCC/subscriber/new?qsp=OHCCC_413
"414","R&P - Adult Tennis League - Recent Updates","https://www.columbus.gov/","R&P - Adult Tennis League - Recent Updates","https://public.govdelivery.com/topics/OHCCC_414/feed.rss",https://public.govdelivery.com/accounts/OHCCC/subscriber/new?qsp=OHCCC_414
"415","HOF Invitation - Recent Updates","https://www.columbus.gov/","HOF Invitation - Recent Updates","https://public.govdelivery.com/topics/OHCCC_415/feed.rss",https://public.govdelivery.com/accounts/OHCCC/subscriber/new?qsp=OHCCC_415
"416","BZS - Active Professional Contractors 2022 - Recent Updates","https://www.columbus.gov/","BZS - Active Professional Contractors 2022 - Recent Updates","https://public.govdelivery.com/topics/OHCCC_416/feed.rss",https://public.govdelivery.com/accounts/OHCCC/subscriber/new?qsp=OHCCC_416
"417","HEA - ALL Public Health Employees - Recent Updates","https://www.columbus.gov/","HEA - ALL Public Health Employees - Recent Updates","https://public.govdelivery.com/topics/OHCCC_417/feed.rss",https://public.govdelivery.com/accounts/OHCCC/subscriber/new?qsp=OHCCC_417
"418","R&P - Sports - Youth Flag Football League Parents - Recent Updates","https://www.columbus.gov/","R&P - Sports - Youth Flag Football League Parents - Recent Updates","https://public.govdelivery.com/topics/OHCCC_418/feed.rss",https://public.govdelivery.com/accounts/OHCCC/subscriber/new?qsp=OHCCC_418
"41","EDU - After School Program Providers - Recent Updates","https://www.columbus.gov/","EDU - After School Program Providers - Recent Updates","https://public.govdelivery.com/topics/OHCCC_41/feed.rss",https://public.govdelivery.com/accounts/OHCCC/subscriber/new?qsp=OHCCC_41
"423","R&P - Sports - Youth Baseball League Parents - Recent Updates","https://www.columbus.gov/","R&P - Sports - Youth Baseball League Parents - Recent Updates","https://public.govdelivery.com/topics/OHCCC_423/feed.rss",https://public.govdelivery.com/accounts/OHCCC/subscriber/new?qsp=OHCCC_423
"424","R&P - Sports - Youth Tennis - Recent Updates","https://www.columbus.gov/","R&P - Sports - Youth Tennis - Recent Updates","https://public.govdelivery.com/topics/OHCCC_424/feed.rss",https://public.govdelivery.com/accounts/OHCCC/subscriber/new?qsp=OHCCC_424
"425","SER - 2022 DPS Press List - Recent Updates","https://www.columbus.gov/","SER - 2022 DPS Press List - Recent Updates","https://public.govdelivery.com/topics/OHCCC_425/feed.rss",https://public.govdelivery.com/accounts/OHCCC/subscriber/new?qsp=OHCCC_425
"426","R & P 2022 Champions for PLAY - Recent Updates","https://www.columbus.gov/","R & P 2022 Champions for PLAY - Recent Updates","https://public.govdelivery.com/topics/OHCCC_426/feed.rss",https://public.govdelivery.com/accounts/OHCCC/subscriber/new?qsp=OHCCC_426
"427","R & P - Adopt a Center - Recent Updates","https://www.columbus.gov/","R & P - Adopt a Center - Recent Updates","https://public.govdelivery.com/topics/OHCCC_427/feed.rss",https://public.govdelivery.com/accounts/OHCCC/subscriber/new?qsp=OHCCC_427
"428","HR - People Team - Recent Updates","https://www.columbus.gov/","HR - People Team - Recent Updates","https://public.govdelivery.com/topics/OHCCC_428/feed.rss",https://public.govdelivery.com/accounts/OHCCC/subscriber/new?qsp=OHCCC_428
"42","GRN - Greenspot Household - Recent Updates","https://www.columbus.gov/","GRN - Greenspot Household - Recent Updates","https://public.govdelivery.com/topics/OHCCC_42/feed.rss",https://public.govdelivery.com/accounts/OHCCC/subscriber/new?qsp=OHCCC_42
"431","ODI - Internal Stakeholders - Recent Updates","https://www.columbus.gov/","ODI - Internal Stakeholders - Recent Updates","https://public.govdelivery.com/topics/OHCCC_431/feed.rss",https://public.govdelivery.com/accounts/OHCCC/subscriber/new?qsp=OHCCC_431
"432","CWC Onboarding Webinar Aug 2022 - Recent Updates","https://www.columbus.gov/","CWC Onboarding Webinar Aug 2022 - Recent Updates","https://public.govdelivery.com/topics/OHCCC_432/feed.rss",https://public.govdelivery.com/accounts/OHCCC/subscriber/new?qsp=OHCCC_432
"433","ODI - Aug. 2023 Networking Event Attendees - Recent Updates","https://www.columbus.gov/","ODI - Aug. 2023 Networking Event Attendees - Recent Updates","https://public.govdelivery.com/topics/OHCCC_433/feed.rss",https://public.govdelivery.com/accounts/OHCCC/subscriber/new?qsp=OHCCC_433
"434","Priscilla Tyson Naming - Recent Updates","https://www.columbus.gov/","Priscilla Tyson Naming - Recent Updates","https://public.govdelivery.com/topics/OHCCC_434/feed.rss",https://public.govdelivery.com/accounts/OHCCC/subscriber/new?qsp=OHCCC_434
"436","Priscilla Tyson Naming - Council - Recent Updates","https://www.columbus.gov/","Priscilla Tyson Naming - Council - Recent Updates","https://public.govdelivery.com/topics/OHCCC_436/feed.rss",https://public.govdelivery.com/accounts/OHCCC/subscriber/new?qsp=OHCCC_436
"437","Rec and Park Commissioners - Recent Updates","https://www.columbus.gov/","Rec and Park Commissioners - Recent Updates","https://public.govdelivery.com/topics/OHCCC_437/feed.rss",https://public.govdelivery.com/accounts/OHCCC/subscriber/new?qsp=OHCCC_437
"438","Tyson Naming - R&P - Recent Updates","https://www.columbus.gov/","Tyson Naming - R&P - Recent Updates","https://public.govdelivery.com/topics/OHCCC_438/feed.rss",https://public.govdelivery.com/accounts/OHCCC/subscriber/new?qsp=OHCCC_438
"43","HEA - Public Health News & Releases - Recent Updates","https://www.columbus.gov/","HEA - Public Health News & Releases - Recent Updates","https://public.govdelivery.com/topics/OHCCC_43/feed.rss",https://public.govdelivery.com/accounts/OHCCC/subscriber/new?qsp=OHCCC_43
"440","2022 BB SB TB Survey - Recent Updates","https://www.columbus.gov/","2022 BB SB TB Survey - Recent Updates","https://public.govdelivery.com/topics/OHCCC_440/feed.rss",https://public.govdelivery.com/accounts/OHCCC/subscriber/new?qsp=OHCCC_440
"441","R & P - Fran Ryan Invitation - Recent Updates","https://www.columbus.gov/","R & P - Fran Ryan Invitation - Recent Updates","https://public.govdelivery.com/topics/OHCCC_441/feed.rss",https://public.govdelivery.com/accounts/OHCCC/subscriber/new?qsp=OHCCC_441
"443","R & P Fran Ryan Invitation (Family) - Recent Updates","https://www.columbus.gov/","R & P Fran Ryan Invitation (Family) - Recent Updates","https://public.govdelivery.com/topics/OHCCC_443/feed.rss",https://public.govdelivery.com/accounts/OHCCC/subscriber/new?qsp=OHCCC_443
"444","R & P - Fran Ryan 2 - Recent Updates","https://www.columbus.gov/","R & P - Fran Ryan 2 - Recent Updates","https://public.govdelivery.com/topics/OHCCC_444/feed.rss",https://public.govdelivery.com/accounts/OHCCC/subscriber/new?qsp=OHCCC_444
"445","HR - Central Ohio Area Agency on Aging (COAAA) - Recent Updates","https://www.columbus.gov/","HR - Central Ohio Area Agency on Aging (COAAA) - Recent Updates","https://public.govdelivery.com/topics/OHCCC_445/feed.rss",https://public.govdelivery.com/accounts/OHCCC/subscriber/new?qsp=OHCCC_445
"446","CSC – Civil Service Commission – News & Events - Recent Updates","https://www.columbus.gov/","CSC – Civil Service Commission – News & Events - Recent Updates","https://public.govdelivery.com/topics/OHCCC_446/feed.rss",https://public.govdelivery.com/accounts/OHCCC/subscriber/new?qsp=OHCCC_446
"448","Executive Director, Office of Education - Recent Updates","https://www.columbus.gov/","Executive Director, Office of Education - Recent Updates","https://public.govdelivery.com/topics/OHCCC_448/feed.rss",https://public.govdelivery.com/accounts/OHCCC/subscriber/new?qsp=OHCCC_448
"449","IG - Civilian Police Review Board - Recent Updates","https://www.columbus.gov/","IG - Civilian Police Review Board - Recent Updates","https://public.govdelivery.com/topics/OHCCC_449/feed.rss",https://public.govdelivery.com/accounts/OHCCC/subscriber/new?qsp=OHCCC_449
"44","HEA - Public Health Special Events - Recent Updates","https://www.columbus.gov/","HEA - Public Health Special Events - Recent Updates","https://public.govdelivery.com/topics/OHCCC_44/feed.rss",https://public.govdelivery.com/accounts/OHCCC/subscriber/new?qsp=OHCCC_44
"450","R & P 2023 Champions for PLAY - Recent Updates","https://www.columbus.gov/","R & P 2023 Champions for PLAY - Recent Updates","https://public.govdelivery.com/topics/OHCCC_450/feed.rss",https://public.govdelivery.com/accounts/OHCCC/subscriber/new?qsp=OHCCC_450
"451","R & P Olentangy Trail Comments - Recent Updates","https://www.columbus.gov/","R & P Olentangy Trail Comments - Recent Updates","https://public.govdelivery.com/topics/OHCCC_451/feed.rss",https://public.govdelivery.com/accounts/OHCCC/subscriber/new?qsp=OHCCC_451
"452","CSC - 2023 Career Fair Attendee List - Recent Updates","https://www.columbus.gov/","CSC - 2023 Career Fair Attendee List - Recent Updates","https://public.govdelivery.com/topics/OHCCC_452/feed.rss",https://public.govdelivery.com/accounts/OHCCC/subscriber/new?qsp=OHCCC_452
"453","SER - ROW Permit List - Recent Updates","https://www.columbus.gov/","SER - ROW Permit List - Recent Updates","https://public.govdelivery.com/topics/OHCCC_453/feed.rss",https://public.govdelivery.com/accounts/OHCCC/subscriber/new?qsp=OHCCC_453
"454","SOTC East Side Community Night - Recent Updates","https://www.columbus.gov/","SOTC East Side Community Night - Recent Updates","https://public.govdelivery.com/topics/OHCCC_454/feed.rss",https://public.govdelivery.com/accounts/OHCCC/subscriber/new?qsp=OHCCC_454
"455","SOTC West Side Community Night - Recent Updates","https://www.columbus.gov/","SOTC West Side Community Night - Recent Updates","https://public.govdelivery.com/topics/OHCCC_455/feed.rss",https://public.govdelivery.com/accounts/OHCCC/subscriber/new?qsp=OHCCC_455
"456","SOTC South Side Community Night - Recent Updates","https://www.columbus.gov/","SOTC South Side Community Night - Recent Updates","https://public.govdelivery.com/topics/OHCCC_456/feed.rss",https://public.govdelivery.com/accounts/OHCCC/subscriber/new?qsp=OHCCC_456
"457","National Community Development Week - Recent Updates","https://www.columbus.gov/","National Community Development Week - Recent Updates","https://public.govdelivery.com/topics/OHCCC_457/feed.rss",https://public.govdelivery.com/accounts/OHCCC/subscriber/new?qsp=OHCCC_457
"458","Victoria Frye - Recent Updates","https://www.columbus.gov/","Victoria Frye - Recent Updates","https://public.govdelivery.com/topics/OHCCC_458/feed.rss",https://public.govdelivery.com/accounts/OHCCC/subscriber/new?qsp=OHCCC_458
"460","CSC_Testing Clinic Registrants - Recent Updates","https://www.columbus.gov/","CSC_Testing Clinic Registrants - Recent Updates","https://public.govdelivery.com/topics/OHCCC_460/feed.rss",https://public.govdelivery.com/accounts/OHCCC/subscriber/new?qsp=OHCCC_460
"461","HEA - LGBTQ+ Health Information - Recent Updates","https://www.columbus.gov/","HEA - LGBTQ+ Health Information - Recent Updates","https://public.govdelivery.com/topics/OHCCC_461/feed.rss",https://public.govdelivery.com/accounts/OHCCC/subscriber/new?qsp=OHCCC_461
"464","SER - Front and Marconi Contacts - Recent Updates","https://www.columbus.gov/","SER - Front and Marconi Contacts - Recent Updates","https://public.govdelivery.com/topics/OHCCC_464/feed.rss",https://public.govdelivery.com/accounts/OHCCC/subscriber/new?qsp=OHCCC_464
"465","WH Event - Recent Updates","https://www.columbus.gov/","WH Event - Recent Updates","https://public.govdelivery.com/topics/OHCCC_465/feed.rss",https://public.govdelivery.com/accounts/OHCCC/subscriber/new?qsp=OHCCC_465
"466","SER - Bike Plus - Recent Updates","https://www.columbus.gov/","SER - Bike Plus - Recent Updates","https://public.govdelivery.com/topics/OHCCC_466/feed.rss",https://public.govdelivery.com/accounts/OHCCC/subscriber/new?qsp=OHCCC_466
"469","R&P - Sports - Inspire Sports - 14U Students for Triple Threat 3 On 3 Tournament - Recent Updates","https://www.columbus.gov/","R&P - Sports - Inspire Sports - 14U Students for Triple Threat 3 On 3 Tournament - Recent Updates","https://public.govdelivery.com/topics/OHCCC_469/feed.rss",https://public.govdelivery.com/accounts/OHCCC/subscriber/new?qsp=OHCCC_469
"46","ODI - Supplier Diversity - Recent Updates","https://www.columbus.gov/","ODI - Supplier Diversity - Recent Updates","https://public.govdelivery.com/topics/OHCCC_46/feed.rss",https://public.govdelivery.com/accounts/OHCCC/subscriber/new?qsp=OHCCC_46
"470","Granicus Training Topic - Recent Updates","https://www.columbus.gov/","Granicus Training Topic - Recent Updates","https://public.govdelivery.com/topics/OHCCC_470/feed.rss",https://public.govdelivery.com/accounts/OHCCC/subscriber/new?qsp=OHCCC_470
"472","SER - Food Waste - Recent Updates","https://www.columbus.gov/","SER - Food Waste - Recent Updates","https://public.govdelivery.com/topics/OHCCC_472/feed.rss",https://public.govdelivery.com/accounts/OHCCC/subscriber/new?qsp=OHCCC_472
"475","SEC - Hammond Center Occupants - Recent Updates","https://www.columbus.gov/","SEC - Hammond Center Occupants - Recent Updates","https://public.govdelivery.com/topics/OHCCC_475/feed.rss",https://public.govdelivery.com/accounts/OHCCC/subscriber/new?qsp=OHCCC_475
"476","ODI - Oct 2023 Networking Event Registrants - Recent Updates","https://www.columbus.gov/","ODI - Oct 2023 Networking Event Registrants - Recent Updates","https://public.govdelivery.com/topics/OHCCC_476/feed.rss",https://public.govdelivery.com/accounts/OHCCC/subscriber/new?qsp=OHCCC_476
"477","ODI - Oct 2023 Networking Event Attendees - Recent Updates","https://www.columbus.gov/","ODI - Oct 2023 Networking Event Attendees - Recent Updates","https://public.govdelivery.com/topics/OHCCC_477/feed.rss",https://public.govdelivery.com/accounts/OHCCC/subscriber/new?qsp=OHCCC_477
"478","DPU – Compost Facility - Recent Updates","https://www.columbus.gov/","DPU – Compost Facility - Recent Updates","https://public.govdelivery.com/topics/OHCCC_478/feed.rss",https://public.govdelivery.com/accounts/OHCCC/subscriber/new?qsp=OHCCC_478
"47","ODI - Workforce Diversity - Recent Updates","https://www.columbus.gov/","ODI - Workforce Diversity - Recent Updates","https://public.govdelivery.com/topics/OHCCC_47/feed.rss",https://public.govdelivery.com/accounts/OHCCC/subscriber/new?qsp=OHCCC_47
"481","R & P - 50+ Programming Updates - Recent Updates","https://www.columbus.gov/","R & P - 50+ Programming Updates - Recent Updates","https://public.govdelivery.com/topics/OHCCC_481/feed.rss",https://public.govdelivery.com/accounts/OHCCC/subscriber/new?qsp=OHCCC_481
"482","R&P - Jazz & Rib Fest Food Vendor Interest - Recent Updates","https://www.columbus.gov/","R&P - Jazz & Rib Fest Food Vendor Interest - Recent Updates","https://public.govdelivery.com/topics/OHCCC_482/feed.rss",https://public.govdelivery.com/accounts/OHCCC/subscriber/new?qsp=OHCCC_482
"483","R&P - Community Events Musical Artist Interest - Recent Updates","https://www.columbus.gov/","R&P - Community Events Musical Artist Interest - Recent Updates","https://public.govdelivery.com/topics/OHCCC_483/feed.rss",https://public.govdelivery.com/accounts/OHCCC/subscriber/new?qsp=OHCCC_483
"484","R&P - Community Events Food Vendor Interest - Recent Updates","https://www.columbus.gov/","R&P - Community Events Food Vendor Interest - Recent Updates","https://public.govdelivery.com/topics/OHCCC_484/feed.rss",https://public.govdelivery.com/accounts/OHCCC/subscriber/new?qsp=OHCCC_484
"485","R & P - All Staff New - Recent Updates","https://www.columbus.gov/","R & P - All Staff New - Recent Updates","https://public.govdelivery.com/topics/OHCCC_485/feed.rss",https://public.govdelivery.com/accounts/OHCCC/subscriber/new?qsp=OHCCC_485
"486","BZS – Active FPI and FP Emails - Recent Updates","https://www.columbus.gov/","BZS – Active FPI and FP Emails - Recent Updates","https://public.govdelivery.com/topics/OHCCC_486/feed.rss",https://public.govdelivery.com/accounts/OHCCC/subscriber/new?qsp=OHCCC_486
"60","SAFE/SS Mobile Food Vending Licensing > - Recent Updates","https://www.columbus.gov/","SAFE/SS Mobile Food Vending Licensing > - Recent Updates","https://public.govdelivery.com/topics/OHCCC_60/feed.rss",https://public.govdelivery.com/accounts/OHCCC/subscriber/new?qsp=OHCCC_60
"63","SAFE/SS Vehicle for Hire Licensing & Metering > - Recent Updates","https://www.columbus.gov/","SAFE/SS Vehicle for Hire Licensing & Metering > - Recent Updates","https://public.govdelivery.com/topics/OHCCC_63/feed.rss",https://public.govdelivery.com/accounts/OHCCC/subscriber/new?qsp=OHCCC_63
"64","R&P - Recreation and Parks Weekly Updates - Recent Updates","https://www.columbus.gov/","R&P - Recreation and Parks Weekly Updates - Recent Updates","https://public.govdelivery.com/topics/OHCCC_64/feed.rss",https://public.govdelivery.com/accounts/OHCCC/subscriber/new?qsp=OHCCC_64
"65","R&P - Facilities, Parks and Trails Updates, and Closures - Recent Updates","https://www.columbus.gov/","R&P - Facilities, Parks and Trails Updates, and Closures - Recent Updates","https://public.govdelivery.com/topics/OHCCC_65/feed.rss",https://public.govdelivery.com/accounts/OHCCC/subscriber/new?qsp=OHCCC_65
"66","R&P - Adult Sports Programming Updates - Recent Updates","https://www.columbus.gov/","R&P - Adult Sports Programming Updates - Recent Updates","https://public.govdelivery.com/topics/OHCCC_66/feed.rss",https://public.govdelivery.com/accounts/OHCCC/subscriber/new?qsp=OHCCC_66
"70","R&P - Cultural Arts Center Programming Updates - Recent Updates","https://www.columbus.gov/","R&P - Cultural Arts Center Programming Updates - Recent Updates","https://public.govdelivery.com/topics/OHCCC_70/feed.rss",https://public.govdelivery.com/accounts/OHCCC/subscriber/new?qsp=OHCCC_70
"71","CSC - City Employment News - Recent Updates","https://www.columbus.gov/","CSC - City Employment News - Recent Updates","https://public.govdelivery.com/topics/OHCCC_71/feed.rss",https://public.govdelivery.com/accounts/OHCCC/subscriber/new?qsp=OHCCC_71
"72","GRN – GreenSpot Business - Recent Updates","https://www.columbus.gov/","GRN – GreenSpot Business - Recent Updates","https://public.govdelivery.com/topics/OHCCC_72/feed.rss",https://public.govdelivery.com/accounts/OHCCC/subscriber/new?qsp=OHCCC_72
"73","NEI - Area Commission - Recent Updates","https://www.columbus.gov/","NEI - Area Commission - Recent Updates","https://public.govdelivery.com/topics/OHCCC_73/feed.rss",https://public.govdelivery.com/accounts/OHCCC/subscriber/new?qsp=OHCCC_73
"75","NEI - New American Leadership Academy - Recent Updates","https://www.columbus.gov/","NEI - New American Leadership Academy - Recent Updates","https://public.govdelivery.com/topics/OHCCC_75/feed.rss",https://public.govdelivery.com/accounts/OHCCC/subscriber/new?qsp=OHCCC_75
"76","NEI - 311 - Recent Updates","https://www.columbus.gov/","NEI - 311 - Recent Updates","https://public.govdelivery.com/topics/OHCCC_76/feed.rss",https://public.govdelivery.com/accounts/OHCCC/subscriber/new?qsp=OHCCC_76
"77","NEI - Neighborhood Transformation - Recent Updates","https://www.columbus.gov/","NEI - Neighborhood Transformation - Recent Updates","https://public.govdelivery.com/topics/OHCCC_77/feed.rss",https://public.govdelivery.com/accounts/OHCCC/subscriber/new?qsp=OHCCC_77
"78","NEI - Neighborhood Pride - Recent Updates","https://www.columbus.gov/","NEI - Neighborhood Pride - Recent Updates","https://public.govdelivery.com/topics/OHCCC_78/feed.rss",https://public.govdelivery.com/accounts/OHCCC/subscriber/new?qsp=OHCCC_78
"79","NEI - Neighborhood News & Events - Recent Updates","https://www.columbus.gov/","NEI - Neighborhood News & Events - Recent Updates","https://public.govdelivery.com/topics/OHCCC_79/feed.rss",https://public.govdelivery.com/accounts/OHCCC/subscriber/new?qsp=OHCCC_79
"80","NEI - CRC Commissioners - Recent Updates","https://www.columbus.gov/","NEI - CRC Commissioners - Recent Updates","https://public.govdelivery.com/topics/OHCCC_80/feed.rss",https://public.govdelivery.com/accounts/OHCCC/subscriber/new?qsp=OHCCC_80
